n,p,density,reciprocity,seeds,rounds_per_seed,median_realized_compression,p10_realized_compression,median_worst_saving,p10_worst_saving,mean_excluded_latency_rounds,p95_excluded_latency_rounds,abort_rate,exclusion_round_fraction,unsettled_fraction
5,1,0.5,0,200,10,0.3563,0.2823,0.0000,0.0000,0.0000,0.0000,0.0000,0.0000,0.0000
5,1,0.5,0.1,200,10,0.4321,0.3507,0.0000,0.0000,0.0000,0.0000,0.0000,0.0000,0.0000
5,1,0.5,0.2,200,10,0.4948,0.4084,0.0000,0.0000,0.0000,0.0000,0.0000,0.0000,0.0000
5,1,0.5,0.3,200,10,0.5504,0.4781,0.0000,0.0000,0.0000,0.0000,0.0000,0.0000,0.0000
5,1,0.5,0.4,200,10,0.5963,0.5211,0.0000,0.0000,0.0000,0.0000,0.0000,0.0000,0.0000
5,1,0.5,0.5,200,10,0.6393,0.5617,0.0000,0.0000,0.0000,0.0000,0.0000,0.0000,0.0000
5,1,0.5,0.6,200,10,0.6706,0.6049,0.0000,0.0000,0.0000,0.0000,0.0000,0.0000,0.0000
5,1,0.5,0.7,200,10,0.7020,0.6468,0.0000,0.0000,0.0000,0.0000,0.0000,0.0000,0.0000
5,1,0.5,0.8,200,10,0.7349,0.6836,0.0000,0.0000,0.0000,0.0000,0.0000,0.0000,0.0000
5,1,0.5,0.9,200,10,0.7564,0.7165,0.0000,0.0000,0.0000,0.0000,0.0000,0.0000,0.0000
5,1,0.5,1,200,10,0.7822,0.7467,0.1404,0.0286,0.0000,0.0000,0.0000,0.0000,0.0000
5,1,0.1,0.8,200,10,0.6277,0.4768,0.0000,0.0000,0.0000,0.0000,0.0000,0.0000,0.0000
5,1,0.2,0.8,200,10,0.6542,0.5743,0.0000,0.0000,0.0000,0.0000,0.0000,0.0000,0.0000
5,1,0.3,0.8,200,10,0.6838,0.6260,0.0000,0.0000,0.0000,0.0000,0.0000,0.0000,0.0000
5,1,0.4,0.8,200,10,0.7091,0.6542,0.0000,0.0000,0.0000,0.0000,0.0000,0.0000,0.0000
5,1,0.6,0.8,200,10,0.7465,0.7005,0.0000,0.0000,0.0000,0.0000,0.0000,0.0000,0.0000
5,1,0.7,0.8,200,10,0.7672,0.7201,0.0614,0.0000,0.0000,0.0000,0.0000,0.0000,0.0000
5,1,0.8,0.8,200,10,0.7801,0.7406,0.1361,0.0000,0.0000,0.0000,0.0000,0.0000,0.0000
5,1,0.9,0.8,200,10,0.7941,0.7611,0.2030,0.0553,0.0000,0.0000,0.0000,0.0000,0.0000
5,1,1,0.8,200,10,0.8026,0.7740,0.2564,0.1123,0.0000,0.0000,0.0000,0.0000,0.0000
5,0.97,0.5,0,200,10,0.3854,0.2849,0.0000,0.0000,1.0496,1.0000,0.0140,0.1198,0.0067
5,0.97,0.5,0.1,200,10,0.4498,0.3730,0.0000,0.0000,1.0780,2.0000,0.0135,0.1222,0.0069
5,0.97,0.5,0.2,200,10,0.5047,0.4098,0.0000,0.0000,1.0479,1.0000,0.0180,0.1264,0.0098
5,0.97,0.5,0.3,200,10,0.5594,0.4854,0.0000,0.0000,1.0738,2.0000,0.0130,0.1218,0.0073
5,0.97,0.5,0.4,200,10,0.5989,0.5232,0.0000,0.0000,1.0478,1.0000,0.0150,0.1153,0.0069
5,0.97,0.5,0.5,200,10,0.6469,0.5654,0.0000,0.0000,1.1066,2.0000,0.0160,0.1199,0.0088
5,0.97,0.5,0.6,200,10,0.6844,0.6159,0.0000,0.0000,1.0811,2.0000,0.0150,0.1325,0.0069
5,0.97,0.5,0.7,200,10,0.7162,0.6550,0.0000,0.0000,1.0481,1.0000,0.0160,0.1089,0.0076
5,0.97,0.5,0.8,200,10,0.7395,0.6949,0.0000,0.0000,1.0678,2.0000,0.0185,0.1244,0.0068
5,0.97,0.5,0.9,200,10,0.7658,0.7171,0.0059,0.0000,1.0609,2.0000,0.0155,0.1183,0.0065
5,0.97,0.5,1,200,10,0.7846,0.7490,0.1344,0.0228,1.0483,1.0000,0.0160,0.1118,0.0041
5,0.97,0.1,0.8,200,10,0.6252,0.4863,0.0000,0.0000,1.0769,2.0000,0.0373,0.0319,0.0042
5,0.97,0.2,0.8,200,10,0.6697,0.5789,0.0000,0.0000,1.0572,2.0000,0.0270,0.0696,0.0104
5,0.97,0.3,0.8,200,10,0.6956,0.6134,0.0000,0.0000,1.0402,1.0000,0.0200,0.0865,0.0056
5,0.97,0.4,0.8,200,10,0.7146,0.6576,0.0000,0.0000,1.0569,2.0000,0.0156,0.1058,0.0081
5,0.97,0.6,0.8,200,10,0.7628,0.7121,0.0000,0.0000,1.0821,2.0000,0.0165,0.1408,0.0093
5,0.97,0.7,0.8,200,10,0.7771,0.7307,0.0427,0.0000,1.0511,1.0000,0.0205,0.1256,0.0065
5,0.97,0.8,0.8,200,10,0.7879,0.7499,0.1459,0.0000,1.0473,1.0000,0.0180,0.1288,0.0049
5,0.97,0.9,0.8,200,10,0.8017,0.7639,0.2310,0.0407,1.0755,2.0000,0.0155,0.1275,0.0082
5,0.97,1,0.8,200,10,0.8090,0.7782,0.2661,0.1213,1.0483,1.0000,0.0135,0.1191,0.0065
5,0.95,0.5,0,200,10,0.3834,0.3007,0.0000,0.0000,1.1041,2.0000,0.0391,0.1772,0.0134
5,0.95,0.5,0.1,200,10,0.4578,0.3676,0.0000,0.0000,1.0876,2.0000,0.0290,0.1566,0.0101
5,0.95,0.5,0.2,200,10,0.5233,0.4388,0.0000,0.0000,1.1455,2.0000,0.0435,0.1888,0.0129
5,0.95,0.5,0.3,200,10,0.5683,0.4869,0.0000,0.0000,1.1210,2.0000,0.0340,0.1869,0.0142
5,0.95,0.5,0.4,200,10,0.6194,0.5452,0.0000,0.0000,1.1089,2.0000,0.0395,0.1891,0.0143
5,0.95,0.5,0.5,200,10,0.6530,0.5728,0.0000,0.0000,1.1663,2.0000,0.0385,0.1853,0.0115
5,0.95,0.5,0.6,200,10,0.6873,0.6223,0.0000,0.0000,1.1155,2.0000,0.0480,0.1818,0.0166
5,0.95,0.5,0.7,200,10,0.7189,0.6588,0.0000,0.0000,1.1221,2.0000,0.0410,0.1728,0.0161
5,0.95,0.5,0.8,200,10,0.7435,0.6828,0.0000,0.0000,1.1163,2.0000,0.0350,0.1798,0.0126
5,0.95,0.5,0.9,200,10,0.7652,0.7167,0.0240,0.0000,1.1424,2.0000,0.0400,0.1771,0.0128
5,0.95,0.5,1,200,10,0.7913,0.7474,0.1526,0.0331,1.1088,2.0000,0.0395,0.1813,0.0149
5,0.95,0.1,0.8,200,10,0.6201,0.4903,0.0000,0.0000,1.0930,2.0000,0.0617,0.0538,0.0061
5,0.95,0.2,0.8,200,10,0.6690,0.5841,0.0000,0.0000,1.1423,2.0000,0.0704,0.1065,0.0120
5,0.95,0.3,0.8,200,10,0.6933,0.6224,0.0000,0.0000,1.1120,2.0000,0.0436,0.1341,0.0096
5,0.95,0.4,0.8,200,10,0.7236,0.6715,0.0000,0.0000,1.1110,2.0000,0.0352,0.1661,0.0126
5,0.95,0.6,0.8,200,10,0.7666,0.7224,0.0000,0.0000,1.1129,2.0000,0.0340,0.2039,0.0165
5,0.95,0.7,0.8,200,10,0.7777,0.7414,0.0721,0.0000,1.1207,2.0000,0.0355,0.1928,0.0124
5,0.95,0.8,0.8,200,10,0.7878,0.7488,0.1287,0.0000,1.1116,2.0000,0.0405,0.1813,0.0109
5,0.95,0.9,0.8,200,10,0.8003,0.7685,0.2017,0.0000,1.1241,2.0000,0.0375,0.2000,0.0114
5,0.95,1,0.8,200,10,0.8114,0.7733,0.2528,0.1285,1.1130,2.0000,0.0425,0.1859,0.0132
5,0.9,0.5,0,200,10,0.4268,0.3152,0.0000,0.0000,1.3084,3.0000,0.1381,0.3053,0.0355
5,0.9,0.5,0.1,200,10,0.4965,0.3636,0.0000,0.0000,1.2879,2.0000,0.1260,0.3078,0.0348
5,0.9,0.5,0.2,200,10,0.5529,0.4628,0.0000,0.0000,1.3365,3.0000,0.1470,0.3159,0.0412
5,0.9,0.5,0.3,200,10,0.6087,0.5008,0.0000,0.0000,1.3233,3.0000,0.1383,0.3198,0.0379
5,0.9,0.5,0.4,200,10,0.6437,0.5625,0.0000,0.0000,1.2585,2.0000,0.1296,0.3052,0.0357
5,0.9,0.5,0.5,200,10,0.6749,0.6003,0.0000,0.0000,1.2760,2.0000,0.1096,0.3277,0.0324
5,0.9,0.5,0.6,200,10,0.7034,0.6356,0.0000,0.0000,1.3003,3.0000,0.1221,0.3037,0.0339
5,0.9,0.5,0.7,200,10,0.7319,0.6693,0.0000,0.0000,1.3245,3.0000,0.1366,0.3084,0.0330
5,0.9,0.5,0.8,200,10,0.7557,0.7068,0.0000,0.0000,1.3651,3.0000,0.1277,0.3094,0.0319
5,0.9,0.5,0.9,200,10,0.7835,0.7319,0.0572,0.0000,1.2970,3.0000,0.1391,0.2981,0.0404
5,0.9,0.5,1,200,10,0.8007,0.7566,0.1666,0.0414,1.3351,3.0000,0.1310,0.3038,0.0310
5,0.9,0.1,0.8,200,10,0.6421,0.4715,0.0000,0.0000,1.2974,3.0000,0.1710,0.1018,0.0229
5,0.9,0.2,0.8,200,10,0.6793,0.5848,0.0000,0.0000,1.2241,2.0000,0.1308,0.1950,0.0284
5,0.9,0.3,0.8,200,10,0.7118,0.6504,0.0000,0.0000,1.2231,2.0000,0.1342,0.2543,0.0250
5,0.9,0.4,0.8,200,10,0.7463,0.6726,0.0000,0.0000,1.2714,2.0000,0.1099,0.2982,0.0297
5,0.9,0.6,0.8,200,10,0.7761,0.7322,0.0234,0.0000,1.2854,2.0000,0.1220,0.3229,0.0329
5,0.9,0.7,0.8,200,10,0.7891,0.7498,0.1102,0.0000,1.2862,2.0000,0.1405,0.3211,0.0389
5,0.9,0.8,0.8,200,10,0.8062,0.7658,0.1741,0.0000,1.2906,2.0000,0.1370,0.3076,0.0391
5,0.9,0.9,0.8,200,10,0.8177,0.7735,0.2423,0.0161,1.3337,3.0000,0.1425,0.3388,0.0410
5,0.9,1,0.8,200,10,0.8245,0.7871,0.2943,0.1118,1.3456,3.0000,0.1320,0.3376,0.0371
5,0.8,0.5,0,200,10,0.4957,0.3858,0.0000,0.0000,1.7836,4.0000,0.3600,0.4508,0.1074
5,0.8,0.5,0.1,200,10,0.5749,0.4545,0.0000,0.0000,1.8254,4.0000,0.3535,0.4571,0.1042
5,0.8,0.5,0.2,200,10,0.6256,0.5084,0.0000,0.0000,1.8321,4.0000,0.3567,0.4681,0.1181
5,0.8,0.5,0.3,200,10,0.6617,0.5342,0.0000,0.0000,1.7814,4.0000,0.3510,0.4954,0.1266
5,0.8,0.5,0.4,200,10,0.6916,0.5984,0.0000,0.0000,1.8491,4.0000,0.3627,0.4584,0.0962
5,0.8,0.5,0.5,200,10,0.7220,0.6357,0.0000,0.0000,1.8692,4.0000,0.3855,0.4654,0.1168
5,0.8,0.5,0.6,200,10,0.7535,0.6674,0.0000,0.0000,1.9472,5.0000,0.3702,0.4615,0.1090
5,0.8,0.5,0.7,200,10,0.7769,0.7137,0.0000,0.0000,1.8608,4.0000,0.3877,0.4567,0.1265
5,0.8,0.5,0.8,200,10,0.8006,0.7207,0.1006,0.0000,1.9723,5.0000,0.3774,0.4711,0.1174
5,0.8,0.5,0.9,200,10,0.8143,0.7509,0.1584,0.0000,1.8556,4.0000,0.3467,0.4640,0.0961
5,0.8,0.5,1,200,10,0.8303,0.7774,0.2568,0.0773,1.8968,4.0000,0.3640,0.4489,0.0891
5,0.8,0.1,0.8,200,10,0.6583,0.5095,0.0000,0.0000,1.7219,4.0000,0.3276,0.2063,0.0652
5,0.8,0.2,0.8,200,10,0.7116,0.6185,0.0000,0.0000,1.8039,4.0000,0.3476,0.3193,0.0886
5,0.8,0.3,0.8,200,10,0.7431,0.6643,0.0000,0.0000,1.7611,4.0000,0.3388,0.4100,0.1073
5,0.8,0.4,0.8,200,10,0.7786,0.7064,0.0000,0.0000,1.8584,4.0000,0.3489,0.4426,0.0930
5,0.8,0.6,0.8,200,10,0.8143,0.7540,0.1554,0.0000,1.9120,4.0000,0.3675,0.4814,0.1277
5,0.8,0.7,0.8,200,10,0.8322,0.7826,0.1999,0.0000,1.8746,4.0000,0.3760,0.4840,0.1194
5,0.8,0.8,0.8,200,10,0.8357,0.7915,0.2393,0.0000,1.8544,4.0000,0.3680,0.4905,0.1143
5,0.8,0.9,0.8,200,10,0.8451,0.7989,0.3170,0.0617,1.8059,4.0000,0.3565,0.4771,0.0994
5,0.8,1,0.8,200,10,0.8485,0.8086,0.3273,0.1344,1.8456,4.0000,0.3550,0.4605,0.0981
10,1,0.5,0,200,10,0.5693,0.5258,0.0000,0.0000,0.0000,0.0000,0.0000,0.0000,0.0000
10,1,0.5,0.1,200,10,0.6199,0.5810,0.0000,0.0000,0.0000,0.0000,0.0000,0.0000,0.0000
10,1,0.5,0.2,200,10,0.6549,0.6220,0.0000,0.0000,0.0000,0.0000,0.0000,0.0000,0.0000
10,1,0.5,0.3,200,10,0.6985,0.6593,0.0000,0.0000,0.0000,0.0000,0.0000,0.0000,0.0000
10,1,0.5,0.4,200,10,0.7275,0.6924,0.0000,0.0000,0.0000,0.0000,0.0000,0.0000,0.0000
10,1,0.5,0.5,200,10,0.7555,0.7267,0.0000,0.0000,0.0000,0.0000,0.0000,0.0000,0.0000
10,1,0.5,0.6,200,10,0.7754,0.7551,0.0000,0.0000,0.0000,0.0000,0.0000,0.0000,0.0000
10,1,0.5,0.7,200,10,0.7965,0.7744,0.0713,0.0000,0.0000,0.0000,0.0000,0.0000,0.0000
10,1,0.5,0.8,200,10,0.8165,0.7953,0.1403,0.0000,0.0000,0.0000,0.0000,0.0000,0.0000
10,1,0.5,0.9,200,10,0.8320,0.8106,0.2229,0.0000,0.0000,0.0000,0.0000,0.0000,0.0000
10,1,0.5,1,200,10,0.8493,0.8322,0.2806,0.1470,0.0000,0.0000,0.0000,0.0000,0.0000
10,1,0.1,0.8,200,10,0.6778,0.6266,0.0000,0.0000,0.0000,0.0000,0.0000,0.0000,0.0000
10,1,0.2,0.8,200,10,0.7370,0.6977,0.0000,0.0000,0.0000,0.0000,0.0000,0.0000,0.0000
10,1,0.3,0.8,200,10,0.7693,0.7374,0.0000,0.0000,0.0000,0.0000,0.0000,0.0000,0.0000
10,1,0.4,0.8,200,10,0.7985,0.7714,0.0000,0.0000,0.0000,0.0000,0.0000,0.0000,0.0000
10,1,0.6,0.8,200,10,0.8298,0.8115,0.2296,0.0597,0.0000,0.0000,0.0000,0.0000,0.0000
10,1,0.7,0.8,200,10,0.8449,0.8245,0.2954,0.1744,0.0000,0.0000,0.0000,0.0000,0.0000
10,1,0.8,0.8,200,10,0.8538,0.8390,0.3354,0.2186,0.0000,0.0000,0.0000,0.0000,0.0000
10,1,0.9,0.8,200,10,0.8608,0.8457,0.3787,0.2659,0.0000,0.0000,0.0000,0.0000,0.0000
10,1,1,0.8,200,10,0.8687,0.8529,0.4081,0.3199,0.0000,0.0000,0.0000,0.0000,0.0000
10,0.97,0.5,0,200,10,0.5908,0.5377,0.0000,0.0000,1.1018,2.0000,0.0645,0.2052,0.0109
10,0.97,0.5,0.1,200,10,0.6321,0.5860,0.0000,0.0000,1.1157,2.0000,0.0530,0.1990,0.0085
10,0.97,0.5,0.2,200,10,0.6721,0.6320,0.0000,0.0000,1.1283,2.0000,0.0660,0.2152,0.0127
10,0.97,0.5,0.3,200,10,0.7084,0.6679,0.0000,0.0000,1.1458,2.0000,0.0575,0.2122,0.0129
10,0.97,0.5,0.4,200,10,0.7374,0.7008,0.0000,0.0000,1.1160,2.0000,0.0605,0.2038,0.0075
10,0.97,0.5,0.5,200,10,0.7597,0.7311,0.0000,0.0000,1.1018,2.0000,0.0630,0.2012,0.0121
10,0.97,0.5,0.6,200,10,0.7853,0.7585,0.0037,0.0000,1.0782,2.0000,0.0655,0.2210,0.0123
10,0.97,0.5,0.7,200,10,0.8061,0.7816,0.0966,0.0000,1.0888,2.0000,0.0640,0.2110,0.0123
10,0.97,0.5,0.8,200,10,0.8221,0.7963,0.1539,0.0000,1.1225,2.0000,0.0680,0.2178,0.0137
10,0.97,0.5,0.9,200,10,0.8403,0.8200,0.2262,0.0000,1.1035,2.0000,0.0535,0.2171,0.0129
10,0.97,0.5,1,200,10,0.8591,0.8367,0.2813,0.1510,1.0814,2.0000,0.0585,0.2241,0.0099
10,0.97,0.1,0.8,200,10,0.6825,0.6267,0.0000,0.0000,1.0930,2.0000,0.0324,0.1510,0.0101
10,0.97,0.2,0.8,200,10,0.7443,0.6948,0.0000,0.0000,1.1055,2.0000,0.0525,0.1926,0.0110
10,0.97,0.3,0.8,200,10,0.7781,0.7459,0.0000,0.0000,1.1265,2.0000,0.0575,0.2196,0.0134
10,0.97,0.4,0.8,200,10,0.8051,0.7804,0.0127,0.0000,1.0836,2.0000,0.0595,0.2089,0.0091
10,0.97,0.6,0.8,200,10,0.8381,0.8180,0.2406,0.0692,1.0841,2.0000,0.0585,0.2135,0.0119
10,0.97,0.7,0.8,200,10,0.8503,0.8311,0.3010,0.1486,1.0968,2.0000,0.0665,0.2207,0.0113
10,0.97,0.8,0.8,200,10,0.8596,0.8438,0.3365,0.2036,1.1150,2.0000,0.0625,0.2213,0.0110
10,0.97,0.9,0.8,200,10,0.8678,0.8522,0.3948,0.2864,1.0901,2.0000,0.0575,0.1952,0.0127
10,0.97,1,0.8,200,10,0.8743,0.8585,0.4144,0.3120,1.1058,2.0000,0.0600,0.2128,0.0150
10,0.95,0.5,0,200,10,0.6056,0.5541,0.0000,0.0000,1.2302,2.0000,0.1405,0.2909,0.0267
10,0.95,0.5,0.1,200,10,0.6524,0.6013,0.0000,0.0000,1.2740,2.0000,0.1525,0.3133,0.0274
10,0.95,0.5,0.2,200,10,0.6903,0.6460,0.0000,0.0000,1.2191,2.0000,0.1405,0.3060,0.0257
10,0.95,0.5,0.3,200,10,0.7224,0.6810,0.0000,0.0000,1.2118,2.0000,0.1480,0.2969,0.0232
10,0.95,0.5,0.4,200,10,0.7519,0.7178,0.0000,0.0000,1.2010,2.0000,0.1485,0.2924,0.0253
10,0.95,0.5,0.5,200,10,0.7756,0.7394,0.0000,0.0000,1.1784,2.0000,0.1440,0.2961,0.0223
10,0.95,0.5,0.6,200,10,0.7957,0.7658,0.0166,0.0000,1.2253,2.0000,0.1450,0.2906,0.0245
10,0.95,0.5,0.7,200,10,0.8146,0.7836,0.1121,0.0000,1.2000,2.0000,0.1290,0.3134,0.0203
10,0.95,0.5,0.8,200,10,0.8315,0.8068,0.1623,0.0000,1.2312,2.0000,0.1425,0.3003,0.0246
10,0.95,0.5,0.9,200,10,0.8447,0.8244,0.2526,0.0711,1.2326,2.0000,0.1370,0.3048,0.0263
10,0.95,0.5,1,200,10,0.8622,0.8409,0.3222,0.1562,1.2323,2.0000,0.1315,0.3253,0.0253
10,0.95,0.1,0.8,200,10,0.6905,0.6258,0.0000,0.0000,1.1623,2.0000,0.0724,0.2340,0.0248
10,0.95,0.2,0.8,200,10,0.7507,0.7079,0.0000,0.0000,1.2189,2.0000,0.1135,0.2865,0.0285
10,0.95,0.3,0.8,200,10,0.7885,0.7556,0.0000,0.0000,1.2084,2.0000,0.1290,0.2956,0.0225
10,0.95,0.4,0.8,200,10,0.8139,0.7872,0.0496,0.0000,1.2232,2.0000,0.1365,0.2913,0.0186
10,0.95,0.6,0.8,200,10,0.8454,0.8241,0.2573,0.0822,1.2209,2.0000,0.1390,0.2938,0.0269
10,0.95,0.7,0.8,200,10,0.8588,0.8360,0.3231,0.1644,1.2506,2.0000,0.1510,0.2786,0.0271
10,0.95,0.8,0.8,200,10,0.8627,0.8466,0.3555,0.2399,1.2107,2.0000,0.1345,0.2940,0.0225
10,0.95,0.9,0.8,200,10,0.8731,0.8556,0.3906,0.2586,1.2428,2.0000,0.1355,0.3117,0.0272
10,0.95,1,0.8,200,10,0.8796,0.8624,0.4272,0.2908,1.2139,2.0000,0.1365,0.3080,0.0257
10,0.9,0.5,0,200,10,0.6746,0.6186,0.0000,0.0000,1.6410,4.0000,0.4025,0.4209,0.0861
10,0.9,0.5,0.1,200,10,0.7005,0.6370,0.0000,0.0000,1.6865,4.0000,0.3995,0.4105,0.1055
10,0.9,0.5,0.2,200,10,0.7297,0.6768,0.0000,0.0000,1.6018,4.0000,0.3690,0.4247,0.0979
10,0.9,0.5,0.3,200,10,0.7641,0.7151,0.0000,0.0000,1.6944,4.0000,0.3835,0.4339,0.0840
10,0.9,0.5,0.4,200,10,0.7899,0.7419,0.0517,0.0000,1.7258,4.0000,0.3835,0.4266,0.0794
10,0.9,0.5,0.5,200,10,0.8078,0.7644,0.1002,0.0000,1.6984,4.0000,0.3695,0.4211,0.0712
10,0.9,0.5,0.6,200,10,0.8277,0.7900,0.1334,0.0000,1.7426,4.0000,0.3855,0.4207,0.0788
10,0.9,0.5,0.7,200,10,0.8448,0.8121,0.2042,0.0000,1.6768,4.0000,0.3765,0.4459,0.0733
10,0.9,0.5,0.8,200,10,0.8582,0.8275,0.2688,0.0000,1.7136,4.0000,0.3865,0.4344,0.0846
10,0.9,0.5,0.9,200,10,0.8708,0.8432,0.2920,0.0987,1.6441,4.0000,0.3640,0.4277,0.0762
10,0.9,0.5,1,200,10,0.8849,0.8596,0.3756,0.1903,1.6897,4.0000,0.3895,0.4423,0.0941
10,0.9,0.1,0.8,200,10,0.7116,0.6452,0.0000,0.0000,1.5949,4.0000,0.2296,0.3614,0.0523
10,0.9,0.2,0.8,200,10,0.7843,0.7345,0.0000,0.0000,1.6505,4.0000,0.3285,0.4348,0.0773
10,0.9,0.3,0.8,200,10,0.8140,0.7750,0.0000,0.0000,1.6923,4.0000,0.3685,0.4315,0.1017
10,0.9,0.4,0.8,200,10,0.8437,0.8060,0.1547,0.0000,1.6556,4.0000,0.3765,0.4226,0.0880
10,0.9,0.6,0.8,200,10,0.8698,0.8395,0.3102,0.1542,1.6638,4.0000,0.3685,0.4260,0.0749
10,0.9,0.7,0.8,200,10,0.8785,0.8507,0.3662,0.2161,1.6680,4.0000,0.3725,0.4223,0.0894
10,0.9,0.8,0.8,200,10,0.8859,0.8619,0.4142,0.2818,1.6362,4.0000,0.3745,0.4317,0.0831
10,0.9,0.9,0.8,200,10,0.8958,0.8703,0.4486,0.3174,1.6583,4.0000,0.3835,0.4234,0.0898
10,0.9,1,0.8,200,10,0.8979,0.8813,0.4698,0.3441,1.6789,4.0000,0.3700,0.4397,0.0747
10,0.8,0.5,0,200,10,0.7413,0.6443,0.1188,0.0000,2.6895,6.0000,0.7215,0.6104,0.3600
10,0.8,0.5,0.1,200,10,0.7811,0.6897,0.1367,0.0000,2.7729,7.0000,0.7330,0.6067,0.3722
10,0.8,0.5,0.2,200,10,0.8130,0.7364,0.1860,0.0000,2.7368,6.0000,0.7190,0.5979,0.3285
10,0.8,0.5,0.3,200,10,0.8269,0.7390,0.2564,0.0000,2.6952,6.0000,0.7370,0.5665,0.3739
10,0.8,0.5,0.4,200,10,0.8348,0.7616,0.2963,0.0000,2.6552,6.0000,0.7145,0.5884,0.3512
10,0.8,0.5,0.5,200,10,0.8595,0.7961,0.3538,0.0058,2.7630,7.0000,0.7375,0.5676,0.3694
10,0.8,0.5,0.6,200,10,0.8744,0.8242,0.4534,0.0275,2.8563,7.0000,0.7435,0.5848,0.3589
10,0.8,0.5,0.7,200,10,0.8816,0.8350,0.4571,0.1487,2.7664,6.0000,0.7310,0.5743,0.3445
10,0.8,0.5,0.8,200,10,0.8939,0.8504,0.4882,0.1999,2.8225,7.0000,0.7415,0.5493,0.3401
10,0.8,0.5,0.9,200,10,0.9021,0.8604,0.5247,0.2266,2.6299,6.0000,0.7295,0.6155,0.3730
10,0.8,0.5,1,200,10,0.9083,0.8775,0.5641,0.3435,2.7594,7.0000,0.7305,0.6141,0.3527
10,0.8,0.1,0.8,200,10,0.7664,0.6706,0.0000,0.0000,2.5950,6.0000,0.6073,0.5479,0.3168
10,0.8,0.2,0.8,200,10,0.8372,0.7636,0.2068,0.0000,2.7143,6.0000,0.6970,0.5974,0.3432
10,0.8,0.3,0.8,200,10,0.8527,0.8030,0.3129,0.0000,2.7292,7.0000,0.7045,0.6261,0.3526
10,0.8,0.4,0.8,200,10,0.8786,0.8193,0.4197,0.0997,2.7673,7.0000,0.7255,0.6211,0.3659
10,0.8,0.6,0.8,200,10,0.9038,0.8706,0.5101,0.3047,2.7933,7.0000,0.7320,0.5784,0.3555
10,0.8,0.7,0.8,200,10,0.9107,0.8699,0.5725,0.3151,2.7878,7.0000,0.7370,0.6084,0.3692
10,0.8,0.8,0.8,200,10,0.9128,0.8784,0.5633,0.3747,2.7315,6.0000,0.7170,0.6325,0.3547
10,0.8,0.9,0.8,200,10,0.9177,0.8873,0.6312,0.3665,2.8424,7.0000,0.7525,0.5980,0.3940
10,0.8,1,0.8,200,10,0.9283,0.8985,0.6370,0.4565,2.8709,7.0000,0.7465,0.6213,0.3774
15,1,0.5,0,200,10,0.6518,0.6252,0.0000,0.0000,0.0000,0.0000,0.0000,0.0000,0.0000
15,1,0.5,0.1,200,10,0.6934,0.6686,0.0000,0.0000,0.0000,0.0000,0.0000,0.0000,0.0000
15,1,0.5,0.2,200,10,0.7272,0.7028,0.0000,0.0000,0.0000,0.0000,0.0000,0.0000,0.0000
15,1,0.5,0.3,200,10,0.7551,0.7342,0.0063,0.0000,0.0000,0.0000,0.0000,0.0000,0.0000
15,1,0.5,0.4,200,10,0.7797,0.7582,0.0607,0.0000,0.0000,0.0000,0.0000,0.0000,0.0000
15,1,0.5,0.5,200,10,0.8009,0.7845,0.1064,0.0000,0.0000,0.0000,0.0000,0.0000,0.0000
15,1,0.5,0.6,200,10,0.8190,0.8028,0.1751,0.0074,0.0000,0.0000,0.0000,0.0000,0.0000
15,1,0.5,0.7,200,10,0.8365,0.8223,0.2178,0.0432,0.0000,0.0000,0.0000,0.0000,0.0000
15,1,0.5,0.8,200,10,0.8519,0.8391,0.2755,0.1280,0.0000,0.0000,0.0000,0.0000,0.0000
15,1,0.5,0.9,200,10,0.8657,0.8532,0.3275,0.1979,0.0000,0.0000,0.0000,0.0000,0.0000
15,1,0.5,1,200,10,0.8788,0.8684,0.3758,0.2651,0.0000,0.0000,0.0000,0.0000,0.0000
15,1,0.1,0.8,200,10,0.7120,0.6732,0.0000,0.0000,0.0000,0.0000,0.0000,0.0000,0.0000
15,1,0.2,0.8,200,10,0.7737,0.7547,0.0000,0.0000,0.0000,0.0000,0.0000,0.0000,0.0000
15,1,0.3,0.8,200,10,0.8120,0.7920,0.0000,0.0000,0.0000,0.0000,0.0000,0.0000,0.0000
15,1,0.4,0.8,200,10,0.8345,0.8206,0.1563,0.0000,0.0000,0.0000,0.0000,0.0000,0.0000
15,1,0.6,0.8,200,10,0.8640,0.8532,0.3304,0.2009,0.0000,0.0000,0.0000,0.0000,0.0000
15,1,0.7,0.8,200,10,0.8739,0.8620,0.3720,0.2725,0.0000,0.0000,0.0000,0.0000,0.0000
15,1,0.8,0.8,200,10,0.8828,0.8728,0.4240,0.3160,0.0000,0.0000,0.0000,0.0000,0.0000
15,1,0.9,0.8,200,10,0.8889,0.8798,0.4477,0.3502,0.0000,0.0000,0.0000,0.0000,0.0000
15,1,1,0.8,200,10,0.8940,0.8849,0.4689,0.3939,0.0000,0.0000,0.0000,0.0000,0.0000
15,0.97,0.5,0,200,10,0.6778,0.6434,0.0000,0.0000,1.1826,2.0000,0.1260,0.2689,0.0267
15,0.97,0.5,0.1,200,10,0.7097,0.6798,0.0000,0.0000,1.1305,2.0000,0.1060,0.2696,0.0195
15,0.97,0.5,0.2,200,10,0.7492,0.7162,0.0000,0.0000,1.1718,2.0000,0.1240,0.2666,0.0149
15,0.97,0.5,0.3,200,10,0.7727,0.7478,0.0422,0.0000,1.1989,2.0000,0.1260,0.2700,0.0198
15,0.97,0.5,0.4,200,10,0.7947,0.7718,0.0956,0.0000,1.1948,2.0000,0.1275,0.2630,0.0211
15,0.97,0.5,0.5,200,10,0.8145,0.7907,0.1491,0.0000,1.1692,2.0000,0.1275,0.2711,0.0230
15,0.97,0.5,0.6,200,10,0.8329,0.8131,0.1874,0.0128,1.1952,2.0000,0.1290,0.2750,0.0187
15,0.97,0.5,0.7,200,10,0.8480,0.8299,0.2357,0.1084,1.1750,2.0000,0.1140,0.2980,0.0168
15,0.97,0.5,0.8,200,10,0.8634,0.8460,0.3074,0.1515,1.1810,2.0000,0.1290,0.2951,0.0230
15,0.97,0.5,0.9,200,10,0.8766,0.8610,0.3400,0.2123,1.1861,2.0000,0.1250,0.2617,0.0237
15,0.97,0.5,1,200,10,0.8873,0.8726,0.4059,0.2583,1.1524,2.0000,0.1160,0.2760,0.0173
15,0.97,0.1,0.8,200,10,0.7305,0.6834,0.0000,0.0000,1.2080,2.0000,0.0885,0.2468,0.0224
15,0.97,0.2,0.8,200,10,0.7872,0.7629,0.0000,0.0000,1.1853,2.0000,0.1140,0.2681,0.0150
15,0.97,0.3,0.8,200,10,0.8245,0.8039,0.0288,0.0000,1.1378,2.0000,0.1220,0.2733,0.0161
15,0.97,0.4,0.8,200,10,0.8458,0.8293,0.2220,0.0000,1.1491,2.0000,0.1295,0.2786,0.0252
15,0.97,0.6,0.8,200,10,0.8737,0.8605,0.3575,0.2356,1.1405,2.0000,0.1175,0.2765,0.0201
15,0.97,0.7,0.8,200,10,0.8822,0.8703,0.3996,0.2847,1.1276,2.0000,0.1135,0.2606,0.0148
15,0.97,0.8,0.8,200,10,0.8897,0.8778,0.4309,0.3374,1.1870,2.0000,0.1175,0.2771,0.0172
15,0.97,0.9,0.8,200,10,0.8962,0.8847,0.4638,0.3702,1.1767,2.0000,0.1260,0.2626,0.0228
15,0.97,1,0.8,200,10,0.9030,0.8902,0.4903,0.4062,1.1620,2.0000,0.1365,0.2866,0.0225
15,0.95,0.5,0,200,10,0.7043,0.6639,0.0000,0.0000,1.3818,3.0000,0.2570,0.3654,0.0488
15,0.95,0.5,0.1,200,10,0.7421,0.7031,0.0000,0.0000,1.3965,3.0000,0.2730,0.3728,0.0443
15,0.95,0.5,0.2,200,10,0.7703,0.7385,0.0539,0.0000,1.3680,3.0000,0.2705,0.3516,0.0433
15,0.95,0.5,0.3,200,10,0.7923,0.7580,0.1047,0.0000,1.3204,3.0000,0.2565,0.3578,0.0508
15,0.95,0.5,0.4,200,10,0.8146,0.7885,0.1326,0.0000,1.3737,3.0000,0.2770,0.3396,0.0398
15,0.95,0.5,0.5,200,10,0.8308,0.8051,0.1889,0.0124,1.4149,3.0000,0.2600,0.3574,0.0441
15,0.95,0.5,0.6,200,10,0.8466,0.8211,0.2215,0.0421,1.3437,3.0000,0.2670,0.3820,0.0443
15,0.95,0.5,0.7,200,10,0.8640,0.8387,0.2855,0.1418,1.3901,3.0000,0.2620,0.3957,0.0491
15,0.95,0.5,0.8,200,10,0.8752,0.8532,0.3373,0.1553,1.4019,3.0000,0.2685,0.3746,0.0418
15,0.95,0.5,0.9,200,10,0.8890,0.8679,0.3778,0.2430,1.3883,3.0000,0.2645,0.3657,0.0413
15,0.95,0.5,1,200,10,0.8965,0.8815,0.4203,0.3134,1.4419,3.0000,0.2690,0.3782,0.0489
15,0.95,0.1,0.8,200,10,0.7350,0.6930,0.0000,0.0000,1.3327,3.0000,0.1980,0.3410,0.0402
15,0.95,0.2,0.8,200,10,0.8061,0.7748,0.0000,0.0000,1.4097,3.0000,0.2515,0.3761,0.0490
15,0.95,0.3,0.8,200,10,0.8417,0.8162,0.1014,0.0000,1.4335,3.0000,0.2735,0.3703,0.0431
15,0.95,0.4,0.8,200,10,0.8605,0.8374,0.2222,0.0648,1.3781,3.0000,0.2615,0.3636,0.0571
15,0.95,0.6,0.8,200,10,0.8869,0.8664,0.3760,0.2688,1.4325,3.0000,0.2735,0.3950,0.0483
15,0.95,0.7,0.8,200,10,0.8941,0.8771,0.4314,0.2985,1.3740,3.0000,0.2780,0.3670,0.0489
15,0.95,0.8,0.8,200,10,0.9003,0.8854,0.4714,0.3556,1.3690,3.0000,0.2610,0.3627,0.0489
15,0.95,0.9,0.8,200,10,0.9054,0.8915,0.4943,0.3986,1.4562,3.0000,0.2700,0.3671,0.0415
15,0.95,1,0.8,200,10,0.9107,0.8963,0.5105,0.4216,1.3341,3.0000,0.2725,0.3526,0.0499
15,0.9,0.5,0,200,10,0.7807,0.7174,0.0975,0.0000,2.1584,5.0000,0.6025,0.5057,0.1830
15,0.9,0.5,0.1,200,10,0.7955,0.7456,0.1132,0.0000,2.1045,5.0000,0.5685,0.4670,0.1511
15,0.9,0.5,0.2,200,10,0.8194,0.7638,0.1754,0.0000,2.1356,5.0000,0.6000,0.4738,0.1958
15,0.9,0.5,0.3,200,10,0.8470,0.8015,0.2423,0.0311,2.2303,5.0000,0.6105,0.5109,0.1830
15,0.9,0.5,0.4,200,10,0.8554,0.8151,0.2824,0.0544,2.1782,5.0000,0.5980,0.4726,0.1776
15,0.9,0.5,0.5,200,10,0.8666,0.8285,0.3167,0.1211,2.2096,5.0000,0.5935,0.4859,0.1914
15,0.9,0.5,0.6,200,10,0.8844,0.8458,0.3658,0.1526,2.1522,5.0000,0.5820,0.5060,0.1706
15,0.9,0.5,0.7,200,10,0.8917,0.8626,0.3825,0.1842,2.0780,5.0000,0.5860,0.4976,0.1913
15,0.9,0.5,0.8,200,10,0.9048,0.8776,0.4615,0.2629,2.1370,5.0000,0.5850,0.4976,0.1748
15,0.9,0.5,0.9,200,10,0.9129,0.8885,0.5030,0.3115,2.1380,5.0000,0.6040,0.4760,0.2048
15,0.9,0.5,1,200,10,0.9211,0.8982,0.5381,0.3785,2.0806,5.0000,0.5965,0.5031,0.1909
15,0.9,0.1,0.8,200,10,0.7872,0.7187,0.0000,0.0000,2.1571,5.0000,0.5200,0.4688,0.1619
15,0.9,0.2,0.8,200,10,0.8471,0.8055,0.1532,0.0000,2.1423,5.0000,0.5660,0.4804,0.1514
15,0.9,0.3,0.8,200,10,0.8752,0.8414,0.2917,0.0000,2.1055,5.0000,0.5790,0.4976,0.1608
15,0.9,0.4,0.8,200,10,0.8865,0.8594,0.3841,0.1002,2.1221,5.0000,0.5900,0.5024,0.1802
15,0.9,0.6,0.8,200,10,0.9111,0.8886,0.5027,0.2839,2.2133,5.0000,0.5955,0.4907,0.1812
15,0.9,0.7,0.8,200,10,0.9207,0.8989,0.5206,0.3885,2.1873,5.0000,0.6105,0.4904,0.1900
15,0.9,0.8,0.8,200,10,0.9235,0.9024,0.5548,0.3833,2.1638,5.0000,0.6120,0.4755,0.1871
15,0.9,0.9,0.8,200,10,0.9280,0.9093,0.5943,0.4690,2.1997,5.0000,0.6020,0.4698,0.1745
15,0.9,1,0.8,200,10,0.9283,0.9129,0.5833,0.4682,2.1217,5.0000,0.5820,0.4988,0.1869
15,0.8,0.5,0,200,10,0.8281,0.7012,0.3617,0.0516,3.4555,8.0000,0.8935,0.6901,0.6666
15,0.8,0.5,0.1,200,10,0.8464,0.7544,0.4352,0.0853,3.2818,7.0000,0.8830,0.6709,0.6267
15,0.8,0.5,0.2,200,10,0.8576,0.7370,0.4119,0.1127,3.1732,7.0000,0.8895,0.6697,0.6741
15,0.8,0.5,0.3,200,10,0.8691,0.7635,0.4899,0.1860,3.1960,7.0000,0.8915,0.6590,0.6740
15,0.8,0.5,0.4,200,10,0.8910,0.8086,0.5262,0.2395,3.2987,7.0000,0.8940,0.6651,0.6666
15,0.8,0.5,0.5,200,10,0.8955,0.8537,0.5672,0.2421,3.1923,7.0000,0.8835,0.6781,0.6342
15,0.8,0.5,0.6,200,10,0.9076,0.8434,0.6177,0.2630,3.4285,8.0000,0.8955,0.6699,0.6644
15,0.8,0.5,0.7,200,10,0.9201,0.8719,0.6459,0.4333,3.3439,8.0000,0.9015,0.6802,0.6716
15,0.8,0.5,0.8,200,10,0.9217,0.8764,0.6515,0.4473,3.3219,8.0000,0.8950,0.7333,0.6802
15,0.8,0.5,0.9,200,10,0.9329,0.8885,0.7112,0.4451,3.4162,7.0000,0.8930,0.6589,0.6433
15,0.8,0.5,1,200,10,0.9410,0.8978,0.7341,0.5094,3.3645,7.0000,0.8955,0.6507,0.6482
15,0.8,0.1,0.8,200,10,0.8251,0.7108,0.3287,0.0000,3.2301,7.0000,0.8530,0.6701,0.6281
15,0.8,0.2,0.8,200,10,0.8738,0.7631,0.4569,0.1470,3.3137,7.0000,0.8950,0.7429,0.7015
15,0.8,0.3,0.8,200,10,0.9071,0.8295,0.5920,0.1984,3.3677,7.0000,0.8890,0.6441,0.6497
15,0.8,0.4,0.8,200,10,0.9140,0.8656,0.6157,0.2858,3.3808,8.0000,0.8815,0.6540,0.6260
15,0.8,0.6,0.8,200,10,0.9280,0.8884,0.6789,0.4687,3.3532,8.0000,0.8745,0.6813,0.6052
15,0.8,0.7,0.8,200,10,0.9384,0.9029,0.7131,0.5032,3.2222,7.0000,0.8925,0.6791,0.6637
15,0.8,0.8,0.8,200,10,0.9422,0.9012,0.7447,0.5321,3.4169,8.0000,0.8895,0.6516,0.6331
15,0.8,0.9,0.8,200,10,0.9431,0.9097,0.7635,0.5474,3.4707,8.0000,0.9035,0.6425,0.6802
15,0.8,1,0.8,200,10,0.9473,0.9126,0.7392,0.5992,3.2511,7.0000,0.8925,0.6140,0.6592
30,1,0.5,0,200,10,0.7589,0.7458,0.0862,0.0085,0.0000,0.0000,0.0000,0.0000,0.0000
30,1,0.5,0.1,200,10,0.7871,0.7733,0.1307,0.0541,0.0000,0.0000,0.0000,0.0000,0.0000
30,1,0.5,0.2,200,10,0.8087,0.7985,0.1716,0.0787,0.0000,0.0000,0.0000,0.0000,0.0000
30,1,0.5,0.3,200,10,0.8289,0.8181,0.2062,0.1206,0.0000,0.0000,0.0000,0.0000,0.0000
30,1,0.5,0.4,200,10,0.8461,0.8365,0.2557,0.1541,0.0000,0.0000,0.0000,0.0000,0.0000
30,1,0.5,0.5,200,10,0.8621,0.8520,0.2958,0.2098,0.0000,0.0000,0.0000,0.0000,0.0000
30,1,0.5,0.6,200,10,0.8742,0.8666,0.3458,0.2472,0.0000,0.0000,0.0000,0.0000,0.0000
30,1,0.5,0.7,200,10,0.8863,0.8798,0.3866,0.2808,0.0000,0.0000,0.0000,0.0000,0.0000
30,1,0.5,0.8,200,10,0.8971,0.8900,0.4217,0.3260,0.0000,0.0000,0.0000,0.0000,0.0000
30,1,0.5,0.9,200,10,0.9065,0.9013,0.4746,0.3988,0.0000,0.0000,0.0000,0.0000,0.0000
30,1,0.5,1,200,10,0.9150,0.9098,0.5210,0.4398,0.0000,0.0000,0.0000,0.0000,0.0000
30,1,0.1,0.8,200,10,0.7804,0.7652,0.0000,0.0000,0.0000,0.0000,0.0000,0.0000,0.0000
30,1,0.2,0.8,200,10,0.8397,0.8300,0.0493,0.0000,0.0000,0.0000,0.0000,0.0000,0.0000
30,1,0.3,0.8,200,10,0.8667,0.8582,0.2768,0.1491,0.0000,0.0000,0.0000,0.0000,0.0000
30,1,0.4,0.8,200,10,0.8849,0.8783,0.3715,0.2611,0.0000,0.0000,0.0000,0.0000,0.0000
30,1,0.6,0.8,200,10,0.9055,0.9005,0.4796,0.4041,0.0000,0.0000,0.0000,0.0000,0.0000
30,1,0.7,0.8,200,10,0.9117,0.9082,0.5105,0.4353,0.0000,0.0000,0.0000,0.0000,0.0000
30,1,0.8,0.8,200,10,0.9184,0.9145,0.5421,0.4787,0.0000,0.0000,0.0000,0.0000,0.0000
30,1,0.9,0.8,200,10,0.9230,0.9185,0.5621,0.4976,0.0000,0.0000,0.0000,0.0000,0.0000
30,1,1,0.8,200,10,0.9268,0.9227,0.5861,0.5253,0.0000,0.0000,0.0000,0.0000,0.0000
30,0.97,0.5,0,200,10,0.8048,0.7725,0.1423,0.0491,1.5468,3.0000,0.3520,0.3927,0.0588
30,0.97,0.5,0.1,200,10,0.8245,0.8000,0.1833,0.0815,1.4100,3.0000,0.3430,0.3699,0.0652
30,0.97,0.5,0.2,200,10,0.8455,0.8239,0.2277,0.1207,1.4280,3.0000,0.3420,0.3640,0.0590
30,0.97,0.5,0.3,200,10,0.8618,0.8383,0.2664,0.1658,1.4775,3.0000,0.3480,0.3750,0.0617
30,0.97,0.5,0.4,200,10,0.8748,0.8543,0.2920,0.1797,1.4701,3.0000,0.3295,0.3937,0.0638
30,0.97,0.5,0.5,200,10,0.8888,0.8715,0.3680,0.2511,1.5303,3.0000,0.3490,0.3925,0.0572
30,0.97,0.5,0.6,200,10,0.8974,0.8826,0.4058,0.2990,1.4430,3.0000,0.3365,0.3768,0.0648
30,0.97,0.5,0.7,200,10,0.9069,0.8943,0.4301,0.3354,1.4641,3.0000,0.3360,0.3976,0.0542
30,0.97,0.5,0.8,200,10,0.9147,0.9037,0.4841,0.3859,1.4801,3.0000,0.3455,0.3835,0.0685
30,0.97,0.5,0.9,200,10,0.9240,0.9131,0.5218,0.4182,1.5277,3.0000,0.3485,0.4083,0.0640
30,0.97,0.5,1,200,10,0.9307,0.9196,0.5544,0.4642,1.4490,3.0000,0.3470,0.3836,0.0635
30,0.97,0.1,0.8,200,10,0.8176,0.7893,0.0000,0.0000,1.4057,3.0000,0.3335,0.3841,0.0667
30,0.97,0.2,0.8,200,10,0.8706,0.8493,0.1708,0.0000,1.4523,3.0000,0.3500,0.3662,0.0585
30,0.97,0.3,0.8,200,10,0.8924,0.8756,0.3479,0.2111,1.5047,3.0000,0.3545,0.4043,0.0616
30,0.97,0.4,0.8,200,10,0.9076,0.8935,0.4393,0.3206,1.4962,3.0000,0.3605,0.3839,0.0547
30,0.97,0.6,0.8,200,10,0.9228,0.9123,0.5223,0.4302,1.5036,3.0000,0.3420,0.3944,0.0476
30,0.97,0.7,0.8,200,10,0.9299,0.9196,0.5604,0.4595,1.4363,3.0000,0.3465,0.3894,0.0622
30,0.97,0.8,0.8,200,10,0.9346,0.9237,0.5754,0.4997,1.4990,3.0000,0.3565,0.3574,0.0643
30,0.97,0.9,0.8,200,10,0.9383,0.9274,0.6044,0.5200,1.5044,3.0000,0.3450,0.3679,0.0579
30,0.97,1,0.8,200,10,0.9415,0.9323,0.6225,0.5492,1.5102,3.0000,0.3675,0.3747,0.0544
30,0.95,0.5,0,200,10,0.8402,0.7996,0.2133,0.0815,2.0308,5.0000,0.5730,0.4672,0.1491
30,0.95,0.5,0.1,200,10,0.8593,0.8247,0.2515,0.1278,2.1252,5.0000,0.5880,0.4515,0.1513
30,0.95,0.5,0.2,200,10,0.8747,0.8433,0.2974,0.1701,2.0564,5.0000,0.5810,0.4451,0.1466
30,0.95,0.5,0.3,200,10,0.8875,0.8614,0.3526,0.2205,2.0222,5.0000,0.6110,0.4653,0.1896
30,0.95,0.5,0.4,200,10,0.8998,0.8734,0.4069,0.2638,2.0883,5.0000,0.6005,0.4681,0.1598
30,0.95,0.5,0.5,200,10,0.9106,0.8908,0.4327,0.2801,2.1206,5.0000,0.6115,0.4556,0.1755
30,0.95,0.5,0.6,200,10,0.9187,0.8954,0.4746,0.3513,2.0983,5.0000,0.6005,0.4881,0.1692
30,0.95,0.5,0.7,200,10,0.9248,0.9051,0.5160,0.3970,2.0359,5.0000,0.6040,0.4697,0.1846
30,0.95,0.5,0.8,200,10,0.9342,0.9152,0.5489,0.4205,2.0683,5.0000,0.5890,0.4550,0.1460
30,0.95,0.5,0.9,200,10,0.9398,0.9215,0.5833,0.4599,2.0289,5.0000,0.6120,0.4755,0.2015
30,0.95,0.5,1,200,10,0.9440,0.9309,0.6176,0.5104,2.0617,5.0000,0.6070,0.4796,0.1815
30,0.95,0.1,0.8,200,10,0.8494,0.8151,0.0000,0.0000,2.0924,5.0000,0.5885,0.4727,0.1693
30,0.95,0.2,0.8,200,10,0.8923,0.8647,0.3130,0.0000,2.0810,5.0000,0.6050,0.4557,0.1824
30,0.95,0.3,0.8,200,10,0.9132,0.8907,0.4365,0.2572,2.1316,5.0000,0.5910,0.3985,0.1475
30,0.95,0.4,0.8,200,10,0.9258,0.9036,0.5102,0.3527,2.1029,5.0000,0.6235,0.4369,0.1894
30,0.95,0.6,0.8,200,10,0.9388,0.9230,0.5974,0.4811,2.0355,5.0000,0.6080,0.4770,0.1852
30,0.95,0.7,0.8,200,10,0.9416,0.9282,0.6199,0.5055,2.0904,5.0000,0.6115,0.4620,0.1837
30,0.95,0.8,0.8,200,10,0.9454,0.9319,0.6274,0.5468,2.0658,5.0000,0.5870,0.4564,0.1527
30,0.95,0.9,0.8,200,10,0.9501,0.9376,0.6433,0.5624,2.0717,5.0000,0.5995,0.4819,0.1457
30,0.95,1,0.8,200,10,0.9520,0.9400,0.6716,0.5728,2.2047,5.0000,0.6240,0.4947,0.1928
30,0.9,0.5,0,200,10,0.8801,0.8137,0.4850,0.1983,3.1809,7.0000,0.9050,0.5895,0.6546
30,0.9,0.5,0.1,200,10,0.8927,0.8401,0.5008,0.2567,3.1016,7.0000,0.8940,0.5189,0.6097
30,0.9,0.5,0.2,200,10,0.9042,0.8433,0.5474,0.3035,3.2451,7.0000,0.8925,0.5953,0.6088
30,0.9,0.5,0.3,200,10,0.9151,0.8684,0.5631,0.3095,3.3355,8.0000,0.8915,0.5945,0.6018
30,0.9,0.5,0.4,200,10,0.9234,0.8878,0.6214,0.3912,3.3351,7.0000,0.9045,0.6283,0.6389
30,0.9,0.5,0.5,200,10,0.9309,0.8878,0.6314,0.4003,3.1893,7.0000,0.8915,0.5392,0.6078
30,0.9,0.5,0.6,200,10,0.9406,0.9092,0.6787,0.4521,3.2298,7.0000,0.8895,0.5837,0.5855
30,0.9,0.5,0.7,200,10,0.9415,0.9112,0.7001,0.4809,3.2046,7.0000,0.8990,0.5545,0.6299
30,0.9,0.5,0.8,200,10,0.9505,0.9234,0.7571,0.5123,3.2702,7.0000,0.9030,0.5412,0.6211
30,0.9,0.5,0.9,200,10,0.9532,0.9245,0.7484,0.5619,3.1455,7.0000,0.8940,0.5472,0.6213
30,0.9,0.5,1,200,10,0.9591,0.9348,0.7935,0.6330,3.3167,7.0000,0.9165,0.5269,0.6589
30,0.9,0.1,0.8,200,10,0.8890,0.8428,0.4508,0.0428,3.2770,7.0000,0.8995,0.5075,0.6115
30,0.9,0.2,0.8,200,10,0.9179,0.8625,0.5549,0.2548,2.9918,7.0000,0.8945,0.5213,0.6349
30,0.9,0.3,0.8,200,10,0.9365,0.8813,0.6745,0.4299,3.4559,8.0000,0.9115,0.5876,0.6454
30,0.9,0.4,0.8,200,10,0.9427,0.9098,0.6879,0.4563,3.1862,7.0000,0.8965,0.5797,0.6173
30,0.9,0.6,0.8,200,10,0.9547,0.9220,0.7514,0.5691,3.2453,7.0000,0.9080,0.6304,0.6443
30,0.9,0.7,0.8,200,10,0.9569,0.9314,0.7737,0.6322,3.0117,7.0000,0.8955,0.6411,0.6266
30,0.9,0.8,0.8,200,10,0.9615,0.9430,0.7958,0.6515,3.3740,7.0000,0.8990,0.5347,0.5837
30,0.9,0.9,0.8,200,10,0.9633,0.9440,0.7995,0.6429,3.3451,7.0000,0.8955,0.5502,0.5968
30,0.9,1,0.8,200,10,0.9641,0.9419,0.8137,0.6483,3.2270,7.0000,0.8975,0.5902,0.6161
30,0.8,0.5,0,200,10,0.8974,0.8390,0.6390,0.4334,3.7194,8.0000,0.9945,0.8182,0.9762
30,0.8,0.5,0.1,200,10,0.9010,0.8074,0.5723,0.3178,2.6460,6.0000,0.9960,0.8750,0.9884
30,0.8,0.5,0.2,200,10,0.8996,0.7507,0.6373,0.2213,3.8648,8.0000,0.9955,1.0000,0.9887
30,0.8,0.5,0.3,200,10,0.9281,0.8612,0.6294,0.5381,3.9326,8.0000,0.9960,0.7500,0.9826
30,0.8,0.5,0.4,200,10,0.9373,0.9110,0.7260,0.5927,3.6458,7.0000,0.9955,0.6667,0.9782
30,0.8,0.5,0.5,200,10,0.8962,0.8588,0.5814,0.4301,3.7539,8.0000,0.9960,0.7500,0.9871
30,0.8,0.5,0.6,200,10,0.9157,0.8646,0.6856,0.4290,3.1062,7.0000,0.9945,0.5455,0.9860
30,0.8,0.5,0.7,200,10,0.9402,0.8940,0.7859,0.4466,3.8395,8.0000,0.9925,0.8667,0.9723
30,0.8,0.5,0.8,200,10,0.9399,0.8496,0.7427,0.4392,3.7311,8.0000,0.9955,0.8889,0.9858
30,0.8,0.5,0.9,200,10,0.9536,0.9118,0.8250,0.6573,3.6735,8.0000,0.9930,0.9286,0.9787
30,0.8,0.5,1,200,10,0.9650,0.9003,0.8170,0.4995,4.2799,8.0000,0.9960,1.0000,0.9895
30,0.8,0.1,0.8,200,10,0.8580,0.6608,0.4115,0.0000,3.4624,8.0000,0.9900,0.8000,0.9718
30,0.8,0.2,0.8,200,10,0.9329,0.7869,0.6998,0.3608,3.6337,8.0000,0.9920,0.6875,0.9660
30,0.8,0.3,0.8,200,10,0.9449,0.9108,0.7368,0.5154,3.7411,7.0000,0.9950,0.7000,0.9783
30,0.8,0.4,0.8,200,10,0.9471,0.8986,0.7437,0.5748,3.6441,8.0000,0.9910,0.8333,0.9691
30,0.8,0.6,0.8,200,10,0.9613,0.9140,0.8257,0.6618,4.1397,8.0000,0.9945,1.0000,0.9776
30,0.8,0.7,0.8,200,10,0.9605,0.9226,0.8311,0.7089,3.9788,8.0000,0.9890,0.8636,0.9562
30,0.8,0.8,0.8,200,10,0.9633,0.9464,0.8349,0.7519,3.7249,8.0000,0.9940,0.8333,0.9778
30,0.8,0.9,0.8,200,10,0.9631,0.9404,0.8419,0.7438,3.5434,7.0000,0.9940,0.7500,0.9768
30,0.8,1,0.8,200,10,0.9680,0.9132,0.8443,0.6280,3.7814,7.0000,0.9940,0.7500,0.9770
50,1,0.5,0,200,10,0.8143,0.8048,0.1901,0.1101,0.0000,0.0000,0.0000,0.0000,0.0000
50,1,0.5,0.1,200,10,0.8355,0.8277,0.2288,0.1471,0.0000,0.0000,0.0000,0.0000,0.0000
50,1,0.5,0.2,200,10,0.8526,0.8464,0.2717,0.2066,0.0000,0.0000,0.0000,0.0000,0.0000
50,1,0.5,0.3,200,10,0.8687,0.8622,0.3164,0.2389,0.0000,0.0000,0.0000,0.0000,0.0000
50,1,0.5,0.4,200,10,0.8811,0.8762,0.3612,0.2860,0.0000,0.0000,0.0000,0.0000,0.0000
50,1,0.5,0.5,200,10,0.8934,0.8890,0.4069,0.3359,0.0000,0.0000,0.0000,0.0000,0.0000
50,1,0.5,0.6,200,10,0.9028,0.8980,0.4437,0.3549,0.0000,0.0000,0.0000,0.0000,0.0000
50,1,0.5,0.7,200,10,0.9124,0.9083,0.4827,0.4142,0.0000,0.0000,0.0000,0.0000,0.0000
50,1,0.5,0.8,200,10,0.9205,0.9173,0.5186,0.4463,0.0000,0.0000,0.0000,0.0000,0.0000
50,1,0.5,0.9,200,10,0.9282,0.9250,0.5597,0.5018,0.0000,0.0000,0.0000,0.0000,0.0000
50,1,0.5,1,200,10,0.9348,0.9318,0.5907,0.5253,0.0000,0.0000,0.0000,0.0000,0.0000
50,1,0.1,0.8,200,10,0.8258,0.8178,0.0000,0.0000,0.0000,0.0000,0.0000,0.0000,0.0000
50,1,0.2,0.8,200,10,0.8754,0.8688,0.2733,0.1409,0.0000,0.0000,0.0000,0.0000,0.0000
50,1,0.3,0.8,200,10,0.8970,0.8921,0.4081,0.3126,0.0000,0.0000,0.0000,0.0000,0.0000
50,1,0.4,0.8,200,10,0.9105,0.9072,0.4693,0.4053,0.0000,0.0000,0.0000,0.0000,0.0000
50,1,0.6,0.8,200,10,0.9274,0.9238,0.5611,0.4902,0.0000,0.0000,0.0000,0.0000,0.0000
50,1,0.7,0.8,200,10,0.9326,0.9292,0.5819,0.5219,0.0000,0.0000,0.0000,0.0000,0.0000
50,1,0.8,0.8,200,10,0.9369,0.9340,0.6142,0.5591,0.0000,0.0000,0.0000,0.0000,0.0000
50,1,0.9,0.8,200,10,0.9402,0.9377,0.6340,0.5884,0.0000,0.0000,0.0000,0.0000,0.0000
50,1,1,0.8,200,10,0.9434,0.9405,0.6509,0.6021,0.0000,0.0000,0.0000,0.0000,0.0000
50,0.97,0.5,0,200,10,0.8792,0.8514,0.2995,0.1783,2.0533,5.0000,0.5895,0.4409,0.1390
50,0.97,0.5,0.1,200,10,0.8907,0.8644,0.3305,0.2155,1.9757,5.0000,0.5930,0.4742,0.1733
50,0.97,0.5,0.2,200,10,0.9034,0.8778,0.3667,0.2573,2.1661,5.0000,0.6090,0.4476,0.1696
50,0.97,0.5,0.3,200,10,0.9133,0.8946,0.4329,0.3083,2.0461,5.0000,0.6010,0.4536,0.1521
50,0.97,0.5,0.4,200,10,0.9222,0.9041,0.4666,0.3598,1.9974,5.0000,0.5860,0.4396,0.1397
50,0.97,0.5,0.5,200,10,0.9306,0.9118,0.5157,0.4136,2.1020,5.0000,0.6170,0.4439,0.1821
50,0.97,0.5,0.6,200,10,0.9359,0.9215,0.5493,0.4421,1.9558,5.0000,0.5915,0.4370,0.1531
50,0.97,0.5,0.7,200,10,0.9441,0.9288,0.5797,0.4950,2.1972,5.0000,0.6165,0.4511,0.1725
50,0.97,0.5,0.8,200,10,0.9476,0.9354,0.6194,0.5140,2.0037,5.0000,0.6035,0.4615,0.1664
50,0.97,0.5,0.9,200,10,0.9526,0.9403,0.6294,0.5591,2.1143,5.0000,0.5925,0.4699,0.1438
50,0.97,0.5,1,200,10,0.9569,0.9466,0.6763,0.5969,2.1297,5.0000,0.6135,0.4515,0.1787
50,0.97,0.1,0.8,200,10,0.8801,0.8553,0.1319,0.0000,2.0644,5.0000,0.5770,0.4728,0.1417
50,0.97,0.2,0.8,200,10,0.9162,0.8968,0.4178,0.2296,2.0846,5.0000,0.6015,0.4316,0.1552
50,0.97,0.3,0.8,200,10,0.9322,0.9161,0.5242,0.3859,2.1408,5.0000,0.5910,0.4560,0.1381
50,0.97,0.4,0.8,200,10,0.9414,0.9291,0.5774,0.4833,2.1721,5.0000,0.6175,0.4562,0.1668
50,0.97,0.6,0.8,200,10,0.9532,0.9381,0.6372,0.5607,2.1957,5.0000,0.6070,0.4338,0.1638
50,0.97,0.7,0.8,200,10,0.9566,0.9470,0.6731,0.5961,2.1551,5.0000,0.6105,0.4852,0.1441
50,0.97,0.8,0.8,200,10,0.9584,0.9486,0.6939,0.6044,2.1143,5.0000,0.6120,0.4691,0.1679
50,0.97,0.9,0.8,200,10,0.9607,0.9501,0.7042,0.6285,2.0274,5.0000,0.6055,0.4550,0.1827
50,0.97,1,0.8,200,10,0.9639,0.9541,0.7235,0.6462,2.0289,5.0000,0.6050,0.4722,0.1517
50,0.95,0.5,0,200,10,0.9028,0.8558,0.4915,0.2843,2.8182,7.0000,0.8520,0.4561,0.4952
50,0.95,0.5,0.1,200,10,0.9121,0.8757,0.5169,0.3208,3.0957,7.0000,0.8465,0.5212,0.4699
50,0.95,0.5,0.2,200,10,0.9265,0.8984,0.5730,0.3436,3.0549,7.0000,0.8435,0.5335,0.4430
50,0.95,0.5,0.3,200,10,0.9325,0.9081,0.5981,0.3981,2.9630,7.0000,0.8340,0.5241,0.4239
50,0.95,0.5,0.4,200,10,0.9400,0.9118,0.6275,0.3895,3.1315,7.0000,0.8455,0.5113,0.4466
50,0.95,0.5,0.5,200,10,0.9428,0.9182,0.6502,0.4566,2.8768,7.0000,0.8360,0.5335,0.4630
50,0.95,0.5,0.6,200,10,0.9474,0.9180,0.6677,0.5010,3.0596,7.0000,0.8410,0.5126,0.4611
50,0.95,0.5,0.7,200,10,0.9554,0.9383,0.7268,0.5518,2.9538,7.0000,0.8570,0.5175,0.4793
50,0.95,0.5,0.8,200,10,0.9585,0.9395,0.7194,0.5701,2.9697,7.0000,0.8410,0.4937,0.4498
50,0.95,0.5,0.9,200,10,0.9624,0.9470,0.7455,0.5904,2.9641,7.0000,0.8245,0.5413,0.4010
50,0.95,0.5,1,200,10,0.9649,0.9502,0.7562,0.6511,2.8453,7.0000,0.8285,0.4810,0.4412
50,0.95,0.1,0.8,200,10,0.9112,0.8749,0.4809,0.0995,3.0201,7.0000,0.8490,0.5397,0.4720
50,0.95,0.2,0.8,200,10,0.9366,0.9061,0.6033,0.3633,3.0207,7.0000,0.8470,0.4902,0.4599
50,0.95,0.3,0.8,200,10,0.9476,0.9259,0.6830,0.4975,2.9193,7.0000,0.8430,0.5032,0.4534
50,0.95,0.4,0.8,200,10,0.9537,0.9319,0.6896,0.5316,2.8076,6.0000,0.8280,0.5174,0.4412
50,0.95,0.6,0.8,200,10,0.9630,0.9437,0.7526,0.6124,3.0864,7.0000,0.8480,0.5132,0.4539
50,0.95,0.7,0.8,200,10,0.9654,0.9501,0.7734,0.6294,3.0607,7.0000,0.8500,0.5033,0.4716
50,0.95,0.8,0.8,200,10,0.9682,0.9567,0.7865,0.6759,2.9610,7.0000,0.8450,0.4968,0.4345
50,0.95,0.9,0.8,200,10,0.9701,0.9559,0.8100,0.6756,2.9862,7.0000,0.8375,0.5108,0.4380
50,0.95,1,0.8,200,10,0.9711,0.9594,0.8110,0.6834,3.0488,7.0000,0.8350,0.5152,0.4277
50,0.9,0.5,0,200,10,0.9087,0.8639,0.6122,0.3832,3.1867,8.0000,0.9855,0.6897,0.9401
50,0.9,0.5,0.1,200,10,0.9278,0.8954,0.6560,0.2769,3.6576,8.0000,0.9885,0.5652,0.9458
50,0.9,0.5,0.2,200,10,0.9358,0.9042,0.6976,0.6232,3.6065,8.0000,0.9890,0.5909,0.9410
50,0.9,0.5,0.3,200,10,0.9349,0.8704,0.7160,0.4203,3.8358,8.0000,0.9860,0.5714,0.9354
50,0.9,0.5,0.4,200,10,0.9512,0.8800,0.7418,0.5424,3.6518,8.0000,0.9840,0.6250,0.9246
50,0.9,0.5,0.5,200,10,0.9582,0.9137,0.7765,0.5872,3.8331,8.0000,0.9825,0.6000,0.9110
50,0.9,0.5,0.6,200,10,0.9509,0.9043,0.7429,0.5242,3.1238,7.0000,0.9850,0.6000,0.9366
50,0.9,0.5,0.7,200,10,0.9585,0.9200,0.7781,0.6151,3.5587,8.0000,0.9860,0.7143,0.9416
50,0.9,0.5,0.8,200,10,0.9574,0.9035,0.7692,0.5256,3.4830,7.0000,0.9860,0.6429,0.9491
50,0.9,0.5,0.9,200,10,0.9658,0.9412,0.8190,0.6079,3.6361,8.0000,0.9855,0.8276,0.9403
50,0.9,0.5,1,200,10,0.9716,0.9216,0.8595,0.6183,3.5777,8.0000,0.9920,0.5000,0.9674
50,0.9,0.1,0.8,200,10,0.9325,0.8855,0.6648,0.3189,3.5783,8.0000,0.9920,0.6875,0.9613
50,0.9,0.2,0.8,200,10,0.9377,0.8815,0.7278,0.4893,3.9802,8.0000,0.9840,0.6563,0.9249
50,0.9,0.3,0.8,200,10,0.9525,0.9081,0.7650,0.6022,3.5946,8.0000,0.9890,0.6364,0.9494
50,0.9,0.4,0.8,200,10,0.9636,0.9360,0.7978,0.6628,4.0102,8.0000,0.9820,0.7500,0.9078
50,0.9,0.6,0.8,200,10,0.9657,0.9533,0.8448,0.7067,3.8202,8.0000,0.9895,0.6190,0.9456
50,0.9,0.7,0.8,200,10,0.9694,0.9288,0.8623,0.6619,3.3579,7.0000,0.9880,0.5417,0.9478
50,0.9,0.8,0.8,200,10,0.9710,0.9441,0.8471,0.7559,3.8910,8.0000,0.9870,0.7308,0.9397
50,0.9,0.9,0.8,200,10,0.9729,0.9446,0.8442,0.6899,3.6559,8.0000,0.9850,0.7667,0.9321
50,0.9,1,0.8,200,10,0.9753,0.9636,0.8605,0.7970,3.8700,8.0000,0.9855,0.5862,0.9238
50,0.8,0.5,0,200,10,0.0000,0.0000,0.0000,0.0000,0.0000,0.0000,1.0000,0.0000,1.0000
50,0.8,0.5,0.1,200,10,0.0000,0.0000,0.0000,0.0000,0.0000,0.0000,1.0000,0.0000,1.0000
50,0.8,0.5,0.2,200,10,0.0000,0.0000,0.0000,0.0000,0.0000,0.0000,1.0000,0.0000,1.0000
50,0.8,0.5,0.3,200,10,0.0000,0.0000,0.0000,0.0000,0.0000,0.0000,1.0000,0.0000,1.0000
50,0.8,0.5,0.4,200,10,0.9488,0.9474,0.8049,0.7620,2.9225,6.0000,0.9990,1.0000,0.9970
50,0.8,0.5,0.5,200,10,0.0000,0.0000,0.0000,0.0000,0.0000,0.0000,1.0000,0.0000,1.0000
50,0.8,0.5,0.6,200,10,0.0000,0.0000,0.0000,0.0000,0.0000,0.0000,1.0000,0.0000,1.0000
50,0.8,0.5,0.7,200,10,0.0000,0.0000,0.0000,0.0000,0.0000,0.0000,1.0000,0.0000,1.0000
50,0.8,0.5,0.8,200,10,0.0000,0.0000,0.0000,0.0000,0.0000,0.0000,1.0000,0.0000,1.0000
50,0.8,0.5,0.9,200,10,0.0000,0.0000,0.0000,0.0000,0.0000,0.0000,1.0000,0.0000,1.0000
50,0.8,0.5,1,200,10,0.9241,0.9241,0.6161,0.6161,0.0000,0.0000,0.9995,1.0000,0.9997
50,0.8,0.1,0.8,200,10,0.0000,0.0000,0.0000,0.0000,0.0000,0.0000,1.0000,0.0000,1.0000
50,0.8,0.2,0.8,200,10,0.0000,0.0000,0.0000,0.0000,0.0000,0.0000,1.0000,0.0000,1.0000
50,0.8,0.3,0.8,200,10,0.9557,0.9557,0.7816,0.7816,4.9520,9.0000,0.9995,1.0000,0.9975
50,0.8,0.4,0.8,200,10,0.0000,0.0000,0.0000,0.0000,0.0000,0.0000,1.0000,0.0000,1.0000
50,0.8,0.6,0.8,200,10,0.0000,0.0000,0.0000,0.0000,0.0000,0.0000,1.0000,0.0000,1.0000
50,0.8,0.7,0.8,200,10,0.0000,0.0000,0.0000,0.0000,0.0000,0.0000,1.0000,0.0000,1.0000
50,0.8,0.8,0.8,200,10,0.0000,0.0000,0.0000,0.0000,0.0000,0.0000,1.0000,0.0000,1.0000
50,0.8,0.9,0.8,200,10,0.9660,0.9660,0.8859,0.8859,1.4993,2.0000,0.9995,1.0000,0.9992
50,0.8,1,0.8,200,10,0.0000,0.0000,0.0000,0.0000,0.0000,0.0000,1.0000,0.0000,1.0000
